{"Standard deviation": 225.3370434113776, "Median": -62.099999999999994, "Mean": 4.272236391912885}