{"Standard deviation": 344.8375656158267, "Median": -111.475, "Mean": 5.327313220541972}