{"Standard deviation": 59.8577215160581, "Median": -77.60000000000001, "Mean": -86.17036034013415}