{"Standard deviation": 219.306345787771, "Median": -114.44999999999999, "Mean": -53.39649479424891}