{"Standard deviation": 278.2067805121816, "Median": -149.25, "Mean": -87.12915935672514}