{"Standard deviation": 213.90727700536596, "Median": -99.65, "Mean": -35.78524635287643}