{"Standard deviation": 208.01469069010693, "Median": -85.12499999999997, "Mean": -23.926129160063415}