{"Standard deviation": 423.7606441368479, "Median": -60.60000000000011, "Mean": 92.59824703574161}