{"Standard deviation": 180.40932012357072, "Median": -59.52500000000002, "Mean": -22.402848230722043}