{"Standard deviation": 276.28666097878, "Median": -105.50000000000001, "Mean": -11.903116435949695}