{"Standard deviation": 142.96486284946099, "Median": -74.20000000000002, "Mean": -48.03199189213811}