{"Standard deviation": 304.82339948724, "Median": -119.375, "Mean": -14.441413632842753}