{"Standard deviation": 194.07714713080443, "Median": -90.04999999999997, "Mean": -38.45194863175589}