{"Standard deviation": 115.25084777032889, "Median": -121.24999999999999, "Mean": -104.43455002092925}