{"Standard deviation": 64.48732422094685, "Median": -150.95, "Mean": -133.87165567197}