{"Standard deviation": 255.3744251952139, "Median": -153.375, "Mean": -70.60944671226832}