{"Standard deviation": 412.58467638281536, "Median": -125.17500000000001, "Mean": 9.14434856175975}