{"Standard deviation": 42.98749186952788, "Median": -156.9, "Mean": -143.23572223871736}