{"Standard deviation": 282.4844886818651, "Median": -65.40000000000005, "Mean": 32.08413744740528}