{"Standard deviation": 368.2362148184642, "Median": -145.0, "Mean": -23.49140322251683}