{"Standard deviation": 59.61401889196012, "Median": -124.9, "Mean": -112.77473667681306}