{"Standard deviation": 196.17816789628196, "Median": -107.69999999999999, "Mean": -54.52272727272729}