{"Standard deviation": 129.55573826561894, "Median": -125.975, "Mean": -89.79229799968499}