{"Standard deviation": 254.26671793286351, "Median": -70.30000000000001, "Mean": -1.5670150952438269}