{"Standard deviation": 225.66421925332995, "Median": -78.74999999999996, "Mean": -13.703198337917742}