{"Standard deviation": 217.77650458915178, "Median": -92.10000000000002, "Mean": -21.774791028961637}