{"Standard deviation": 342.95828815037447, "Median": -111.125, "Mean": 3.3485555183386486}