{"Standard deviation": 51.206459722875316, "Median": -158.35, "Mean": -140.47800919099578}