{"Standard deviation": 49.054634863517656, "Median": -142.1, "Mean": -129.58487841007283}