{"Standard deviation": 415.08675009570663, "Median": -71.19999999999999, "Mean": 80.81452903332227}