{"Standard deviation": 241.42824503906294, "Median": -113.49999999999997, "Mean": -40.627104125083186}