{"Standard deviation": 260.87975837652357, "Median": -59.89999999999998, "Mean": 25.677306436249793}