{"Standard deviation": 50.60750026618387, "Median": -147.39999999999998, "Mean": -133.22811395536706}